{"cameraMode":{"drawMode":0,"name":"Shaded","section":"Shading Mode"},"sceneLighting":true,"audioPlay":false,"sceneViewState":{"m_AlwaysRefresh":false,"showFog":true,"showSkybox":true,"showFlares":true,"showImageEffects":true,"showParticleSystems":true,"showVisualEffectGraphs":true,"m_FxEnabled":true},"in2DMode":false,"pivot":{"x":-6.94352912902832,"y":-14.297247886657715,"z":31.190725326538087},"rotation":{"x":-0.20706601440906526,"y":0.04605700075626373,"z":-0.009759415872395039,"w":-0.9771953821182251},"size":25.92804527282715,"orthographic":false}